Timestamp,,,,,,,,,,
11/6/2023 10:23:36,https://www.youtube.com/watch?v=J77Y-5In2fw,https://www.youtube.com/watch?v=4CbRYPVw7sA,https://www.youtube.com/watch?v=alSPaZfOrCg,https://www.youtube.com/watch?v=cf57Xsw1K3Y,https://www.youtube.com/watch?v=Y5Xf--xEC-0,https://www.youtube.com/watch?v=vcgBUBeLWSc,https://www.youtube.com/watch?v=5zQDgayNSGk,https://www.youtube.com/watch?v=XO3AYMmh6-s,https://www.youtube.com/watch?v=-1QKnEr8nC4,
10/31/2023 21:29:08,Luna song,Misty and her cutie mark,Halloween version bat pony,Ponies by the river,October songs ,Tricia and starlight glimmer friendship ,Mane 6 together ,Ace attorney bloopers ,Bat pony vs man,Mane 6 fight to victory 
11/1/2023 0:27:28,https://www.youtube.com/watch?v=b0B_1YoZMY4,https://www.youtube.com/watch?v=vcgBUBeLWSc,https://www.youtube.com/watch?v=E8p2BFg7HWQ,https://www.youtube.com/watch?v=4CbRYPVw7sA,https://www.youtube.com/watch?v=alSPaZfOrCg,https://www.youtube.com/watch?v=rCNI5Y6uZQI,https://www.youtube.com/watch?v=XRHAAEbENbw,https://www.youtube.com/watch?v=4WK5chqSwts,https://www.youtube.com/watch?v=-QRlSf_Ffag,https://www.youtube.com/watch?v=cf57Xsw1K3Y
11/1/2023 4:43:18,https://www.youtube.com/watch?v=b0B_1YoZMY4,https://www.youtube.com/watch?v=5zQDgayNSGk,https://www.youtube.com/watch?v=alSPaZfOrCg,https://www.youtube.com/watch?v=XO3AYMmh6-s,https://www.youtube.com/watch?v=rCNI5Y6uZQI,,,,,
11/1/2023 8:35:33,https://www.youtube.com/watch?v=4CbRYPVw7sA,https://www.youtube.com/watch?v=vcgBUBeLWSc,https://www.youtube.com/watch?v=0AI8blAh_VA,https://www.youtube.com/watch?v=E8p2BFg7HWQ,https://www.youtube.com/watch?v=XO3AYMmh6-s,https://www.youtube.com/watch?v=WEQq_D9TXM4,https://www.youtube.com/watch?v=Tjcok49T1yo,https://www.youtube.com/watch?v=cf57Xsw1K3Y,https://www.youtube.com/watch?v=-1QKnEr8nC4,https://www.youtube.com/watch?v=iv_rPoHJ9nM
11/1/2023 11:34:52,https://www.youtube.com/watch?v=XO3AYMmh6-s,https://www.youtube.com/watch?v=E8p2BFg7HWQ,https://www.youtube.com/watch?v=vcgBUBeLWSc,https://www.youtube.com/watch?v=4CbRYPVw7sA,https://www.youtube.com/watch?v=b7XTGxYCXNQ,,,,,
11/6/2023 13:41:56,https://www.youtube.com/watch?v=_9mZH1TsBVY,https://www.youtube.com/watch?v=b7XTGxYCXNQ,https://www.youtube.com/watch?v=tgpudN567C8,https://www.youtube.com/watch?v=0AI8blAh_VA,https://www.youtube.com/watch?v=XO3AYMmh6-s,https://www.youtube.com/watch?v=-1QKnEr8nC4,,,,
11/1/2023 16:28:29,https://www.youtube.com/watch?v=YyCPBshWPjk,https://www.youtube.com/watch?v=E8p2BFg7HWQ,https://www.youtube.com/watch?v=265kg1Iby-4,https://www.youtube.com/watch?v=Tjcok49T1yo,https://www.youtube.com/watch?v=-QRlSf_Ffag,,,,,
11/1/2023 18:26:29,https://www.youtube.com/watch?v=rCNI5Y6uZQI,https://www.youtube.com/watch?v=WEQq_D9TXM4,https://www.youtube.com/watch?v=E8p2BFg7HWQ,https://www.youtube.com/watch?v=4WK5chqSwts,https://www.youtube.com/watch?v=DaMpp9csKtU,,,,,
11/1/2023 18:48:01,https://www.youtube.com/watch?v=bK9LCaOzdq8,https://www.youtube.com/watch?v=sC9sqliw3Xw,https://www.youtube.com/watch?v=YYlRNM1rHCw,https://www.youtube.com/watch?v=vcgBUBeLWSc,https://www.youtube.com/watch?v=cf57Xsw1K3Y,,,,,
11/1/2023 20:29:29,https://www.youtube.com/watch?v=vcgBUBeLWSc,https://www.youtube.com/watch?v=b7XTGxYCXNQ,https://www.youtube.com/watch?v=4CbRYPVw7sA,https://www.youtube.com/watch?v=WEQq_D9TXM4,https://www.youtube.com/watch?v=4WK5chqSwts,https://www.youtube.com/watch?v=E8p2BFg7HWQ,,,,
11/1/2023 21:47:31,https://www.youtube.com/watch?v=f8NWlTYiafA,https://www.youtube.com/watch?v=BUmaZbAZCUI,https://www.youtube.com/watch?v=b0B_1YoZMY4,https://www.youtube.com/watch?v=Ku8PG9owEbg,https://www.youtube.com/watch?v=-QRlSf_Ffag,,,,,
11/1/2023 22:17:04,https://www.youtube.com/watch?v=rCNI5Y6uZQI,https://www.youtube.com/watch?v=XO3AYMmh6-s,https://www.youtube.com/watch?v=E8p2BFg7HWQ,https://www.youtube.com/watch?v=vcgBUBeLWSc,https://www.youtube.com/watch?v=4WK5chqSwts,https://www.youtube.com/watch?v=cf57Xsw1K3Y,https://www.youtube.com/watch?v=b0B_1YoZMY4,https://www.youtube.com/watch?v=4CbRYPVw7sA,https://www.youtube.com/watch?v=alSPaZfOrCg,https://www.youtube.com/watch?v=MXnfc-ZRobQ
11/2/2023 9:43:36,https://www.youtube.com/watch?v=XO3AYMmh6-s,https://www.youtube.com/watch?v=b0B_1YoZMY4,https://www.youtube.com/watch?v=vcgBUBeLWSc,https://www.youtube.com/watch?v=5zQDgayNSGk,https://www.youtube.com/watch?v=cf57Xsw1K3Y,,https://www.youtube.com/watch?v=4CbRYPVw7sA,https://www.youtube.com/watch?v=4WK5chqSwts,https://www.youtube.com/watch?v=hvF28l9M0OA,https://www.youtube.com/watch?v=J77Y-5In2fw
11/2/2023 3:59:57,https://www.youtube.com/watch?v=4CbRYPVw7sA,https://www.youtube.com/watch?v=alSPaZfOrCg,https://www.youtube.com/watch?v=z0pGedFIL7k,https://www.youtube.com/watch?v=b0B_1YoZMY4,https://www.youtube.com/watch?v=cf57Xsw1K3Y,https://www.youtube.com/watch?v=5zQDgayNSGk,https://www.youtube.com/watch?v=vcgBUBeLWSc,https://www.youtube.com/watch?v=XO3AYMmh6-s,,
11/2/2023 6:07:24,https://www.youtube.com/watch?v=f8NWlTYiafA,https://www.youtube.com/watch?v=alSPaZfOrCg,https://www.youtube.com/watch?v=4CbRYPVw7sA,https://www.youtube.com/watch?v=b7XTGxYCXNQ,https://www.youtube.com/watch?v=-QRlSf_Ffag,https://www.youtube.com/watch?v=cf57Xsw1K3Y,https://www.youtube.com/watch?v=lEvL-RMxRhY,,,
11/2/2023 6:22:39,https://www.youtube.com/watch?v=vcgBUBeLWSc,https://pony.tube/w/mvc9HMTY4JGDyTp1nPN61N,https://www.youtube.com/watch?v=b7XTGxYCXNQ,https://www.youtube.com/watch?v=alSPaZfOrCg,https://www.youtube.com/watch?v=XO3AYMmh6-s,https://www.youtube.com/watch?v=5zQDgayNSGk,,,,
11/2/2023 9:32:33,https://www.youtube.com/watch?v=XO3AYMmh6-s,https://www.youtube.com/watch?v=_v8vIcOYw2U,https://www.youtube.com/watch?v=4WK5chqSwts,https://www.youtube.com/watch?v=WEQq_D9TXM4,https://www.youtube.com/watch?v=XRHAAEbENbw,,,,,
11/2/2023 13:42:45,https://www.youtube.com/watch?v=WEQq_D9TXM4,https://www.youtube.com/watch?v=4CbRYPVw7sA,https://www.youtube.com/watch?v=alSPaZfOrCg,https://www.youtube.com/watch?v=6F1uEofeZRk,https://www.youtube.com/watch?v=b7XTGxYCXNQ,https://www.youtube.com/watch?v=rCNI5Y6uZQI,https://www.youtube.com/watch?v=6Ky_V3IX84M,,,
11/2/2023 14:01:33,https://www.youtube.com/watch?v=Y5Xf--xEC-0,https://www.youtube.com/watch?v=b0B_1YoZMY4,https://www.youtube.com/watch?v=XRHAAEbENbw,https://www.youtube.com/watch?v=-1QKnEr8nC4,https://www.youtube.com/watch?v=WEQq_D9TXM4,https://www.youtube.com/watch?v=vcgBUBeLWSc,https://www.youtube.com/watch?v=4CbRYPVw7sA,https://www.youtube.com/watch?v=XO3AYMmh6-s,https://www.youtube.com/watch?v=cf57Xsw1K3Y,https://www.youtube.com/watch?v=alSPaZfOrCg
11/2/2023 23:03:46,https://www.youtube.com/watch?v=ZV1YMNRkNis,https://www.youtube.com/watch?v=vcgBUBeLWSc,https://www.youtube.com/watch?v=b0B_1YoZMY4,https://www.youtube.com/watch?v=5zQDgayNSGk,https://www.youtube.com/watch?v=cf57Xsw1K3Y,https://www.youtube.com/watch?v=4CbRYPVw7sA,,,,
11/3/2023 0:20:57,https://www.youtube.com/watch?v=-1QKnEr8nC4,https://www.youtube.com/watch?v=b7XTGxYCXNQ,https://www.youtube.com/watch?v=Wj7wep8q3rM,https://www.youtube.com/watch?v=rCNI5Y6uZQI,https://www.youtube.com/watch?v=XO3AYMmh6-s,https://www.youtube.com/watch?v=4WK5chqSwts,https://www.youtube.com/watch?v=vcgBUBeLWSc,,,
11/3/2023 1:52:30,https://www.youtube.com/watch?v=4CbRYPVw7sA,https://www.youtube.com/watch?v=-1QKnEr8nC4,https://www.youtube.com/watch?v=XO3AYMmh6-s,https://www.youtube.com/watch?v=cf57Xsw1K3Y,https://www.youtube.com/watch?v=alSPaZfOrCg,,,,,
11/3/2023 1:55:19,https://www.youtube.com/watch?v=Ku8PG9owEbg,https://www.youtube.com/watch?v=spIexgxSyZY,https://www.youtube.com/watch?v=alSPaZfOrCg,https://www.youtube.com/watch?v=b0B_1YoZMY4,https://www.youtube.com/watch?v=4CbRYPVw7sA,https://www.youtube.com/watch?v=6Ky_V3IX84M,https://www.youtube.com/watch?v=-QRlSf_Ffag,https://www.youtube.com/watch?v=J77Y-5In2fw,https://www.youtube.com/watch?v=vcgBUBeLWSc,https://www.youtube.com/watch?v=XO3AYMmh6-s
11/3/2023 6:09:16,https://www.youtube.com/watch?v=f8NWlTYiafA,https://www.youtube.com/watch?v=WEQq_D9TXM4,https://www.youtube.com/watch?v=b7XTGxYCXNQ,https://www.youtube.com/watch?v=4CbRYPVw7sA,https://www.youtube.com/watch?v=vcgBUBeLWSc,https://www.youtube.com/watch?v=XO3AYMmh6-s,https://www.youtube.com/watch?v=5zQDgayNSGk,https://www.youtube.com/watch?v=b0B_1YoZMY4,,
11/3/2023 8:00:23,https://www.youtube.com/watch?v=alSPaZfOrCg,https://www.youtube.com/watch?v=cf57Xsw1K3Y,https://www.youtube.com/watch?v=4CbRYPVw7sA,https://www.youtube.com/watch?v=b7XTGxYCXNQ,https://www.youtube.com/watch?v=E8p2BFg7HWQ,https://www.youtube.com/watch?v=WEQq_D9TXM4,https://www.youtube.com/watch?v=rCNI5Y6uZQI,https://www.youtube.com/watch?v=MXnfc-ZRobQ,https://www.youtube.com/watch?v=J77Y-5In2fw,https://www.youtube.com/watch?v=6Ky_V3IX84M
11/3/2023 14:17:32,https://www.youtube.com/watch?v=cf57Xsw1K3Y,https://www.youtube.com/watch?v=f8NWlTYiafA,https://www.youtube.com/watch?v=WEQq_D9TXM4,https://www.youtube.com/watch?v=b7XTGxYCXNQ,https://www.youtube.com/watch?v=4CbRYPVw7sA,,,,,
11/3/2023 20:28:22,https://www.youtube.com/watch?v=XO3AYMmh6-s,https://www.youtube.com/watch?v=z0pGedFIL7k,https://www.youtube.com/watch?v=-1QKnEr8nC4,https://www.youtube.com/watch?v=Tjcok49T1yo,https://www.youtube.com/watch?v=6F1uEofeZRk,https://www.youtube.com/watch?v=b0B_1YoZMY4,,,,
11/3/2023 22:38:18,https://www.youtube.com/watch?v=b7XTGxYCXNQ,https://www.youtube.com/watch?v=rCNI5Y6uZQI,https://www.youtube.com/watch?v=vcgBUBeLWSc,https://www.youtube.com/watch?v=4WK5chqSwts,https://www.youtube.com/watch?v=alSPaZfOrCg,https://www.youtube.com/watch?v=J77Y-5In2fw,https://www.youtube.com/watch?v=Y5Xf--xEC-0,,,
11/4/2023 0:29:48,https://www.youtube.com/watch?v=4CbRYPVw7sA,https://www.youtube.com/watch?v=b7XTGxYCXNQ,https://www.youtube.com/watch?v=b0B_1YoZMY4,https://www.youtube.com/watch?v=6F1uEofeZRk,https://www.youtube.com/watch?v=4WK5chqSwts,https://www.youtube.com/watch?v=alSPaZfOrCg,https://www.youtube.com/watch?v=WEQq_D9TXM4,https://www.youtube.com/watch?v=vcgBUBeLWSc,https://www.youtube.com/watch?v=6Ky_V3IX84M,https://www.youtube.com/watch?v=f8NWlTYiafA
11/4/2023 10:07:52,https://www.youtube.com/watch?v=alSPaZfOrCg,https://www.youtube.com/watch?v=-1QKnEr8nC4,https://www.youtube.com/watch?v=lEvL-RMxRhY,https://www.youtube.com/watch?v=b0B_1YoZMY4,https://www.youtube.com/watch?v=4CbRYPVw7sA,https://www.youtube.com/watch?v=XO3AYMmh6-s,https://www.youtube.com/watch?v=vcgBUBeLWSc,https://www.youtube.com/watch?v=z0pGedFIL7k,,
11/4/2023 15:25:22,https://www.youtube.com/watch?v=f2SO_j9bDow,https://www.youtube.com/watch?v=4WK5chqSwts,https://www.youtube.com/watch?v=sieZYrLHo44,https://www.youtube.com/watch?v=Ku8PG9owEbg,https://www.youtube.com/watch?v=f8NWlTYiafA,https://www.youtube.com/watch?v=b7XTGxYCXNQ,https://www.youtube.com/watch?v=BUmaZbAZCUI,https://www.youtube.com/watch?v=6Ky_V3IX84M,https://www.youtube.com/watch?v=0in2wwZKyGw,https://www.youtube.com/watch?v=E5RB92VTb-4
11/4/2023 15:27:03,https://www.youtube.com/watch?v=szK5neSP6NU,https://www.youtube.com/watch?v=b0B_1YoZMY4,https://www.youtube.com/watch?v=da7otIpd8OE,https://www.youtube.com/watch?v=0AI8blAh_VA,https://www.youtube.com/watch?v=_9mZH1TsBVY,https://www.youtube.com/watch?v=JbHriYj_A5w,https://www.youtube.com/watch?v=E8p2BFg7HWQ,https://www.youtube.com/watch?v=vcgBUBeLWSc,https://www.youtube.com/watch?v=XO3AYMmh6-s,https://www.youtube.com/watch?v=4WK5chqSwts
11/5/2023 17:26:00,https://www.youtube.com/watch?v=DL5e5-6CpAw,https://www.youtube.com/watch?v=b0B_1YoZMY4,https://www.youtube.com/watch?v=XO3AYMmh6-s,https://www.youtube.com/watch?v=cf57Xsw1K3Y,https://www.youtube.com/watch?v=vcgBUBeLWSc,https://www.youtube.com/watch?v=E8p2BFg7HWQ,https://www.youtube.com/watch?v=0AI8blAh_VA,https://www.youtube.com/watch?v=caDOJtOQQDQ,https://www.youtube.com/watch?v=4CbRYPVw7sA,https://www.youtube.com/watch?v=da7otIpd8OE
11/5/2023 18:24:43,https://www.youtube.com/watch?v=4CbRYPVw7sA,https://www.youtube.com/watch?v=XO3AYMmh6-s,https://www.youtube.com/watch?v=Wj7wep8q3rM,https://www.youtube.com/watch?v=0AI8blAh_VA,https://www.youtube.com/watch?v=kt3WWhrjzqU,,,,,
11/5/2023 18:33:15,https://www.youtube.com/watch?v=4CbRYPVw7sA,https://www.youtube.com/watch?v=bK9LCaOzdq8,https://www.youtube.com/watch?v=tTFQhfmrPgs,https://www.youtube.com/watch?v=HaPXvPK-O3o,https://www.youtube.com/watch?v=b0B_1YoZMY4,https://www.youtube.com/watch?v=6F1uEofeZRk,https://www.youtube.com/watch?v=XO3AYMmh6-s,https://www.youtube.com/watch?v=XRHAAEbENbw,https://www.youtube.com/watch?v=b7XTGxYCXNQ,https://www.youtube.com/watch?v=Wj7wep8q3rM
11/5/2023 21:50:43,https://www.youtube.com/watch?v=b7XTGxYCXNQ,https://www.youtube.com/watch?v=vcgBUBeLWSc,https://www.youtube.com/watch?v=XO3AYMmh6-s,https://www.youtube.com/watch?v=4CbRYPVw7sA,https://www.youtube.com/watch?v=E8p2BFg7HWQ,https://www.youtube.com/watch?v=5zQDgayNSGk,https://www.youtube.com/watch?v=J77Y-5In2fw,https://www.youtube.com/watch?v=Y5Xf--xEC-0,https://www.youtube.com/watch?v=b0B_1YoZMY4,https://www.youtube.com/watch?v=-1QKnEr8nC4
11/6/2023 5:47:17,https://www.youtube.com/watch?v=vcgBUBeLWSc,https://www.youtube.com/watch?v=4CbRYPVw7sA,https://www.youtube.com/watch?v=alSPaZfOrCg,https://www.youtube.com/watch?v=XO3AYMmh6-s,https://www.youtube.com/watch?v=b0B_1YoZMY4,https://www.youtube.com/watch?v=E8p2BFg7HWQ,https://www.youtube.com/watch?v=b7XTGxYCXNQ,https://www.youtube.com/watch?v=0AI8blAh_VA,https://www.youtube.com/watch?v=cf57Xsw1K3Y,https://www.youtube.com/watch?v=rCNI5Y6uZQI
11/6/2023 6:28:28,https://www.youtube.com/watch?v=HaPXvPK-O3o,https://www.youtube.com/watch?v=4CbRYPVw7sA,https://www.youtube.com/watch?v=AI9Xp3yCVW0,https://www.youtube.com/watch?v=lEvL-RMxRhY,https://pony.tube/w/mvc9HMTY4JGDyTp1nPN61N,https://www.youtube.com/watch?v=b7XTGxYCXNQ,https://www.youtube.com/watch?v=ULgHmkxT4OU,https://www.youtube.com/watch?v=vcgBUBeLWSc,https://www.youtube.com/watch?v=cf57Xsw1K3Y,https://www.youtube.com/watch?v=WEQq_D9TXM4
11/6/2023 10:30:00,https://www.youtube.com/watch?v=XRHAAEbENbw,https://www.youtube.com/watch?v=vcgBUBeLWSc,https://www.youtube.com/watch?v=cf57Xsw1K3Y,https://www.youtube.com/watch?v=b0B_1YoZMY4,https://www.youtube.com/watch?v=4CbRYPVw7sA,https://www.youtube.com/watch?v=5zQDgayNSGk,,,,
11/7/2023 6:45:00,https://www.youtube.com/watch?v=Ku8PG9owEbg,https://www.youtube.com/watch?v=b7XTGxYCXNQ,https://www.youtube.com/watch?v=vcgBUBeLWSc,https://www.youtube.com/watch?v=alSPaZfOrCg,https://www.youtube.com/watch?v=MXnfc-ZRobQ,https://www.youtube.com/watch?v=eV_tiuhmgxU,https://www.youtube.com/watch?v=Tjcok49T1yo,https://www.youtube.com/watch?v=rCNI5Y6uZQI,https://www.youtube.com/watch?v=4CbRYPVw7sA,https://www.youtube.com/watch?v=N_jxWP7jGhk
11/6/2023 16:25:37,https://www.youtube.com/watch?v=MXnfc-ZRobQ,https://www.youtube.com/watch?v=zsLEvc_2L5s,https://pony.tube/w/mvc9HMTY4JGDyTp1nPN61N,https://www.youtube.com/watch?v=XO3AYMmh6-s,https://www.youtube.com/watch?v=vcgBUBeLWSc,https://www.youtube.com/watch?v=4CbRYPVw7sA,https://www.youtube.com/watch?v=J77Y-5In2fw,https://www.youtube.com/watch?v=b7XTGxYCXNQ,https://www.youtube.com/watch?v=WEQq_D9TXM4,https://www.youtube.com/watch?v=6F1uEofeZRk
11/6/2023 17:00:08,https://www.youtube.com/watch?v=4CbRYPVw7sA,https://www.youtube.com/watch?v=XO3AYMmh6-s,https://www.youtube.com/watch?v=c5h1VkiUtWE,https://www.youtube.com/watch?v=J77Y-5In2fw,https://www.youtube.com/watch?v=cf57Xsw1K3Y,,,,,
11/6/2023 18:04:17,https://www.youtube.com/watch?v=b0B_1YoZMY4,https://www.youtube.com/watch?v=Y5Xf--xEC-0,https://www.youtube.com/watch?v=b7XTGxYCXNQ,https://www.youtube.com/watch?v=WEQq_D9TXM4,https://www.youtube.com/watch?v=4CbRYPVw7sA,https://www.youtube.com/watch?v=6F1uEofeZRk,https://www.youtube.com/watch?v=XRHAAEbENbw,https://www.youtube.com/watch?v=5zQDgayNSGk,https://www.youtube.com/watch?v=vcgBUBeLWSc,https://www.youtube.com/watch?v=4WK5chqSwts
11/6/2023 22:12:43,https://www.youtube.com/watch?v=WI-oFT1if58,https://www.youtube.com/watch?v=b7XTGxYCXNQ ,https://www.youtube.com/watch?v=zEzeRhh-N9o,https://www.youtube.com/watch?v=XO3AYMmh6-s,https://www.youtube.com/watch?v=_JJpMYD5Myo,,,,,
11/6/2023 22:46:43,https://www.youtube.com/watch?v=mDdoxbg2v4o,https://www.youtube.com/watch?v=0AI8blAh_VA,https://www.youtube.com/watch?v=WEQq_D9TXM4,https://www.youtube.com/watch?v=4WK5chqSwts,https://www.youtube.com/watch?v=6F1uEofeZRk,https://www.youtube.com/watch?v=vcgBUBeLWSc,https://www.youtube.com/watch?v=XO3AYMmh6-s,https://www.youtube.com/watch?v=4CbRYPVw7sA,https://www.youtube.com/watch?v=cf57Xsw1K3Y,https://www.youtube.com/watch?v=alSPaZfOrCg
