Timestamp,,,,,,,,,,,,,,,,,,,,,
11/6/2023 10:23:36,,Whirlwind's Flying Horse Energy Advert,,Pinkie's Night Time Terror [Halloween Special],,Timber [PMV World Collab],,The Twilight vs. Trixie Saga: Pure Corruption (Part 8),,"Alright Flower, THIS is how a pony robot is supposed to charge ! - Sweetie Bot 2560 V3.8",,The Amazing Digital Circus Parody: POMNI PONY,,Kosh's little tale | A thousand fears | Part 2 | MLP Animation,,A Nightmare on Twig Street,,A Royal Scare (SFM ponies short),,,
10/31/2023 21:29:08,,Luna song,,Misty and her cutie mark,,Halloween version bat pony,,Ponies by the river,,October songs ,,Tricia and starlight glimmer friendship ,,Mane 6 together ,,Ace attorney bloopers ,,Bat pony vs man,,Mane 6 fight to victory ,
11/1/2023 0:27:28,,"MLP G5 Animatic ""Conflict""",,The Amazing Digital Circus Parody: POMNI PONY,,OPALINE VS THE MANE 6 (CHAPTER 6 LEAKED!!),,Pinkie's Night Time Terror [Halloween Special],,Timber [PMV World Collab],,How Much Candy Can You Get on Nightmare Night?,,Spooky Pumpkin Song,,How To Scare Horse Kids,,I Don't Need It [SFM Ponies],,The Twilight vs. Trixie Saga: Pure Corruption (Part 8),
11/1/2023 4:43:18,,"MLP G5 Animatic ""Conflict""",,Kosh's little tale | A thousand fears | Part 2 | MLP Animation,,Timber [PMV World Collab],,A Nightmare on Twig Street,,How Much Candy Can You Get on Nightmare Night?,,,,,,,,,,,
11/1/2023 8:35:33,,Pinkie's Night Time Terror [Halloween Special],,The Amazing Digital Circus Parody: POMNI PONY,,"Pony Baby Comic: ""Trick or Treat!"" [Part 2]",,OPALINE VS THE MANE 6 (CHAPTER 6 LEAKED!!),,A Nightmare on Twig Street,,What Is A Princess?,,SFM Happy Halloween! - animation meme,,The Twilight vs. Trixie Saga: Pure Corruption (Part 8),,A Royal Scare (SFM ponies short),,The Fallen Zombies: Damnation,
11/1/2023 11:34:52,,A Nightmare on Twig Street,,OPALINE VS THE MANE 6 (CHAPTER 6 LEAKED!!),,The Amazing Digital Circus Parody: POMNI PONY,,Pinkie's Night Time Terror [Halloween Special],,Pathetic,,,,,,,,,,,
11/6/2023 13:41:56,,Reforming Baby Chrysalis - MLP Baby Comic,,Pathetic,,Book Twilight,,"Pony Baby Comic: ""Trick or Treat!"" [Part 2]",,A Nightmare on Twig Street,,A Royal Scare (SFM ponies short),,,,,,,,,
11/1/2023 16:28:29,,#english Bon Appetit! RED FLAGS. -  MY LITTLE PONY (SFM\PONY\MEME),,OPALINE VS THE MANE 6 (CHAPTER 6 LEAKED!!),,You're Not The Only Specky | TADC ENDING REANIMATED,,SFM Happy Halloween! - animation meme,,I Don't Need It [SFM Ponies],,,,,,,,,,,
11/1/2023 18:26:29,,How Much Candy Can You Get on Nightmare Night?,,What Is A Princess?,,OPALINE VS THE MANE 6 (CHAPTER 6 LEAKED!!),,How To Scare Horse Kids,,EVERY Reference in Make Your Mark: Chapter 5,,,,,,,,,,,
11/1/2023 18:48:01,,[FNF] Rainbow Weed,,My Little Pony Growing Up Full | Go WOW,,SPIKE IS IN G5 MLP?!,,The Amazing Digital Circus Parody: POMNI PONY,,The Twilight vs. Trixie Saga: Pure Corruption (Part 8),,,,,,,,,,,
11/1/2023 20:29:29,,The Amazing Digital Circus Parody: POMNI PONY,,Pathetic,,Pinkie's Night Time Terror [Halloween Special],,What Is A Princess?,,How To Scare Horse Kids,,OPALINE VS THE MANE 6 (CHAPTER 6 LEAKED!!),,,,,,,,,
11/1/2023 21:47:31,,L0STPONY.TXT 2011 (FOUND LOST MEDIA),,Want it Need it | 12FPS MLP Animation [Grimdark],,"MLP G5 Animatic ""Conflict""",,Couldn’t you just simply die? ll Animation [Lil Miss Rarity - Grimdark/ Creepypasta],,I Don't Need It [SFM Ponies],,,,,,,,,,,
11/1/2023 22:17:04,,How Much Candy Can You Get on Nightmare Night?,,A Nightmare on Twig Street,,OPALINE VS THE MANE 6 (CHAPTER 6 LEAKED!!),,The Amazing Digital Circus Parody: POMNI PONY,,How To Scare Horse Kids,,The Twilight vs. Trixie Saga: Pure Corruption (Part 8),,"MLP G5 Animatic ""Conflict""",,Pinkie's Night Time Terror [Halloween Special],,Timber [PMV World Collab],,Friendship is Magic part 2 explained by an idiot,
11/2/2023 9:43:36,,A Nightmare on Twig Street,,"MLP G5 Animatic ""Conflict""",,The Amazing Digital Circus Parody: POMNI PONY,,Kosh's little tale | A thousand fears | Part 2 | MLP Animation,,The Twilight vs. Trixie Saga: Pure Corruption (Part 8),,,,Pinkie's Night Time Terror [Halloween Special],,How To Scare Horse Kids,,My Little Pony Teaser [The Creator style],,Whirlwind's Flying Horse Energy Advert,
11/2/2023 3:59:57,,Pinkie's Night Time Terror [Halloween Special],,Timber [PMV World Collab],,How bad can Luna possibly be!,,"MLP G5 Animatic ""Conflict""",,The Twilight vs. Trixie Saga: Pure Corruption (Part 8),,Kosh's little tale | A thousand fears | Part 2 | MLP Animation,,The Amazing Digital Circus Parody: POMNI PONY,,A Nightmare on Twig Street,,,,,
11/2/2023 6:07:24,,L0STPONY.TXT 2011 (FOUND LOST MEDIA),,Timber [PMV World Collab],,Pinkie's Night Time Terror [Halloween Special],,Pathetic,,I Don't Need It [SFM Ponies],,The Twilight vs. Trixie Saga: Pure Corruption (Part 8),,Mare Fair 2023 Concert Visuals (backing only),,,,,,,
11/2/2023 6:22:39,,The Amazing Digital Circus Parody: POMNI PONY,,Free hugs 4k,,Pathetic,,Timber [PMV World Collab],,A Nightmare on Twig Street,,Kosh's little tale | A thousand fears | Part 2 | MLP Animation,,,,,,,,,
11/2/2023 9:32:33,,A Nightmare on Twig Street,,Five Nights at Pinkie's - A Deep Dive,,How To Scare Horse Kids,,What Is A Princess?,,Spooky Pumpkin Song,,,,,,,,,,,
11/2/2023 13:42:45,,What Is A Princess?,,Pinkie's Night Time Terror [Halloween Special],,Timber [PMV World Collab],,MLP - CUPCAKES: INTERROGATION,,Pathetic,,How Much Candy Can You Get on Nightmare Night?,,A Closer Look at BAT PONIES in My Little Pony,,,,,,,
11/2/2023 14:01:33,,"Alright Flower, THIS is how a pony robot is supposed to charge ! - Sweetie Bot 2560 V3.8",,"MLP G5 Animatic ""Conflict""",,Spooky Pumpkin Song,,A Royal Scare (SFM ponies short),,What Is A Princess?,,The Amazing Digital Circus Parody: POMNI PONY,,Pinkie's Night Time Terror [Halloween Special],,A Nightmare on Twig Street,,The Twilight vs. Trixie Saga: Pure Corruption (Part 8),,Timber [PMV World Collab],
11/2/2023 23:03:46,,Friendship is Tragic 2: A Tale of Two Princesses: Ep09 - Awakening  [MLP Audio Drama],,The Amazing Digital Circus Parody: POMNI PONY,,"MLP G5 Animatic ""Conflict""",,Kosh's little tale | A thousand fears | Part 2 | MLP Animation,,The Twilight vs. Trixie Saga: Pure Corruption (Part 8),,Pinkie's Night Time Terror [Halloween Special],,,,,,,,,
11/3/2023 0:20:57,,A Royal Scare (SFM ponies short),,Pathetic,,Terror Wolf Halloween Special,,How Much Candy Can You Get on Nightmare Night?,,A Nightmare on Twig Street,,How To Scare Horse Kids,,The Amazing Digital Circus Parody: POMNI PONY,,,,,,,
11/3/2023 1:52:30,,Pinkie's Night Time Terror [Halloween Special],,A Royal Scare (SFM ponies short),,A Nightmare on Twig Street,,The Twilight vs. Trixie Saga: Pure Corruption (Part 8),,Timber [PMV World Collab],,,,,,,,,,,
11/3/2023 1:55:19,,Couldn’t you just simply die? ll Animation [Lil Miss Rarity - Grimdark/ Creepypasta],,My Little Pony Fan Animation : It's About Animals Part. 2,,Timber [PMV World Collab],,"MLP G5 Animatic ""Conflict""",,Pinkie's Night Time Terror [Halloween Special],,A Closer Look at BAT PONIES in My Little Pony,,I Don't Need It [SFM Ponies],,Whirlwind's Flying Horse Energy Advert,,The Amazing Digital Circus Parody: POMNI PONY,,A Nightmare on Twig Street,
11/3/2023 6:09:16,,L0STPONY.TXT 2011 (FOUND LOST MEDIA),,What Is A Princess?,,Pathetic,,Pinkie's Night Time Terror [Halloween Special],,The Amazing Digital Circus Parody: POMNI PONY,,A Nightmare on Twig Street,,Kosh's little tale | A thousand fears | Part 2 | MLP Animation,,"MLP G5 Animatic ""Conflict""",,,,,
11/3/2023 8:00:23,,Timber [PMV World Collab],,The Twilight vs. Trixie Saga: Pure Corruption (Part 8),,Pinkie's Night Time Terror [Halloween Special],,Pathetic,,OPALINE VS THE MANE 6 (CHAPTER 6 LEAKED!!),,What Is A Princess?,,How Much Candy Can You Get on Nightmare Night?,,Friendship is Magic part 2 explained by an idiot,,Whirlwind's Flying Horse Energy Advert,,A Closer Look at BAT PONIES in My Little Pony,
11/3/2023 14:17:32,,The Twilight vs. Trixie Saga: Pure Corruption (Part 8),,L0STPONY.TXT 2011 (FOUND LOST MEDIA),,What Is A Princess?,,Pathetic,,Pinkie's Night Time Terror [Halloween Special],,,,,,,,,,,
11/3/2023 20:28:22,,A Nightmare on Twig Street,,How bad can Luna possibly be!,,A Royal Scare (SFM ponies short),,SFM Happy Halloween! - animation meme,,MLP - CUPCAKES: INTERROGATION,,"MLP G5 Animatic ""Conflict""",,,,,,,,,
11/3/2023 22:38:18,,Pathetic,,How Much Candy Can You Get on Nightmare Night?,,The Amazing Digital Circus Parody: POMNI PONY,,How To Scare Horse Kids,,Timber [PMV World Collab],,Whirlwind's Flying Horse Energy Advert,,"Alright Flower, THIS is how a pony robot is supposed to charge ! - Sweetie Bot 2560 V3.8",,,,,,,
11/4/2023 0:29:48,,Pinkie's Night Time Terror [Halloween Special],,Pathetic,,"MLP G5 Animatic ""Conflict""",,MLP - CUPCAKES: INTERROGATION,,How To Scare Horse Kids,,Timber [PMV World Collab],,What Is A Princess?,,The Amazing Digital Circus Parody: POMNI PONY,,A Closer Look at BAT PONIES in My Little Pony,,L0STPONY.TXT 2011 (FOUND LOST MEDIA),
11/4/2023 10:07:52,,Timber [PMV World Collab],,A Royal Scare (SFM ponies short),,Mare Fair 2023 Concert Visuals (backing only),,"MLP G5 Animatic ""Conflict""",,Pinkie's Night Time Terror [Halloween Special],,A Nightmare on Twig Street,,The Amazing Digital Circus Parody: POMNI PONY,,How bad can Luna possibly be!,,,,,
11/4/2023 15:25:22,,Reading YOUR Controversial MLP Opinions! (again),,How To Scare Horse Kids,,My Little Pony: Night of the Werelight: Episode 1 Trailer,,Couldn’t you just simply die? ll Animation [Lil Miss Rarity - Grimdark/ Creepypasta],,L0STPONY.TXT 2011 (FOUND LOST MEDIA),,Pathetic,,Want it Need it | 12FPS MLP Animation [Grimdark],,A Closer Look at BAT PONIES in My Little Pony,,Looking back on Mlp Creepypastas (Mlp Creepypastas Essay Video),,Another Apple Sleep Experiment - Part 1 (Pony Grimdark),
11/4/2023 15:27:03,,Celestia finds a tree (SFM animation),,"MLP G5 Animatic ""Conflict""",,Loopy the Unicorn,,"Pony Baby Comic: ""Trick or Treat!"" [Part 2]",,Reforming Baby Chrysalis - MLP Baby Comic,,Pipp has a mental breakdown [SFM],,OPALINE VS THE MANE 6 (CHAPTER 6 LEAKED!!),,The Amazing Digital Circus Parody: POMNI PONY,,A Nightmare on Twig Street,,How To Scare Horse Kids,
11/5/2023 17:26:00,,Mare Fair 2023 Opening Ceremony Animation,,"MLP G5 Animatic ""Conflict""",,A Nightmare on Twig Street,,The Twilight vs. Trixie Saga: Pure Corruption (Part 8),,The Amazing Digital Circus Parody: POMNI PONY,,OPALINE VS THE MANE 6 (CHAPTER 6 LEAKED!!),,"Pony Baby Comic: ""Trick or Treat!"" [Part 2]",,Friendship is Tragic 2: A Tale of Two Princesses: Ep07 - The Crystal Heart [MLP Audio Drama],,Pinkie's Night Time Terror [Halloween Special],,Loopy the Unicorn,
